{
  "episode": [
    0,
    1
  ],
  "trader_return": [
    0.0,
    0.0
  ],
  "rm_return": [
    0.5340979695320129,
    -0.024813875555992126
  ],
  "pm_return": [
    0.0,
    0.0
  ],
  "pnl_pct": [
    0.0,
    0.0
  ],
  "max_drawdown": [
    0.0,
    0.0
  ],
  "grade": [
    0.0,
    0.0
  ],
  "sharpe": [
    0.0,
    0.0
  ],
  "opt_agent": [
    "trader_0",
    "risk_manager_0"
  ]
}