{
  "episode": [
    0,
    1,
    2,
    3,
    4,
    5,
    6,
    7,
    8,
    9
  ],
  "trader_return": [
    -0.010476494207978249,
    -0.010476494207978249,
    -0.010476494207978249,
    -0.010476494207978249,
    -0.010476494207978249,
    -0.010476494207978249,
    -0.010476494207978249,
    -0.010476494207978249,
    -0.010476494207978249,
    -0.010476494207978249
  ],
  "rm_return": [
    0.0,
    0.0,
    0.0,
    0.0,
    0.0,
    0.0,
    0.0,
    0.0,
    0.0,
    0.0
  ],
  "pm_return": [
    0.10874508321285248,
    0.10874508321285248,
    0.10874508321285248,
    0.10874508321285248,
    0.10874508321285248,
    0.10874508321285248,
    0.10874508321285248,
    0.10874508321285248,
    0.10874508321285248,
    0.10874508321285248
  ],
  "pnl_pct": [
    0.0,
    0.0,
    0.0,
    0.0,
    0.0,
    0.0,
    0.0,
    0.0,
    0.0,
    0.0
  ],
  "max_drawdown": [
    0.0,
    0.0,
    0.0,
    0.0,
    0.0,
    0.0,
    0.0,
    0.0,
    0.0,
    0.0
  ],
  "grade": [
    0.0,
    0.0,
    0.0,
    0.0,
    0.0,
    0.0,
    0.0,
    0.0,
    0.0,
    0.0
  ],
  "sharpe": [
    0.0,
    0.0,
    0.0,
    0.0,
    0.0,
    0.0,
    0.0,
    0.0,
    0.0,
    0.0
  ],
  "opt_agent": [
    "trader_0",
    "trader_0",
    "trader_0",
    "trader_0",
    "trader_0",
    "trader_0",
    "trader_0",
    "trader_0",
    "trader_0",
    "trader_0"
  ]
}